{
    "normal": {
        "min": [
            -0.0073022879660129,
            -0.0077305701561272,
            -0.0076750442385673,
            -0.0082916170358657,
            -0.0079681202769279,
            -0.0077468422241508,
            -255.6164093017578,
            -252.9441680908203
        ],
        "max": [
            0.007688719779253,
            0.0077241472899913,
            0.0075828479602932,
            0.00813714787364,
            0.0083825681358575,
            0.0073839174583554,
            256.2904968261719,
            253.4925842285156
        ]
    },
    "outlier": {
        "center": [
            -79.66580963134766,
            141535.640625
        ],
        "scale": [
            250.8921127319336,
            222363.16015625
        ]
    }
}