{
    "normal": {
        "min": [
            -0.0108811147511005,
            -0.0098758740350604,
            -0.0103233363479375,
            -260.0542297363281,
            -259.80059814453125
        ],
        "max": [
            0.0108060473576188,
            0.0103057539090514,
            0.0106524610891938,
            260.0343933105469,
            259.62890625
        ]
    },
    "outlier": {
        "center": [
            -71.39387130737305,
            96791.23828125
        ],
        "scale": [
            265.9389114379883,
            230762.30981445312
        ]
    }
}